id,pond,date,elodeastatus,latitude,longitude,trophicposition,kingdom,phylum,order ,family,genus,species,no.indiv,sampletype,lengthmm,dC13,dN15,CNratio,notes
0149,WCW,08/14/19,elodea,60.493083,-145.674758,producer,Plantae,Magnoliophyta,Typhales,Sparganiaceae,Sparganium,augustifolium,1,leaf,,-35.99648,1.290748,,
0148,WCW,08/14/19,elodea,60.493083,-145.674758,producer,Plantae,Magnoliophyta,Typhales,Sparganiaceae,Sparganium,augustifolium,1,leaf,,-35.8352,0.629107,,
0143,WCW,08/14/19,elodea,60.493083,-145.674758,producer,Plantae,Magnoliophyta,Nymphaeales,Nymphaeaceae,Nuphar,polysepalum,1,leaf,,-34.532,0.482735,,
0138,WCW,08/14/19,elodea,60.493083,-145.674758,producer,Plantae,Magnoliophyta,Nymphaeales,Nymphaeaceae,Nuphar,polysepalum,1,leaf,,-34.30448,0.966356,,
0147,WCW,08/14/19,elodea,60.493083,-145.674758,producer,Plantae,Magnoliophyta,Typhales,Sparganiaceae,Sparganium,augustifolium,1,leaf,,-33.86672,1.155255,,
0146,WCW,08/14/19,elodea,60.493083,-145.674758,producer,Plantae,Magnoliophyta,Halorgales,Haloragaceae,Myriophyllum,sibiricum,1,whole.indiv,,-32.70176,-3.178543,,
0142,WCW,08/14/19,elodea,60.493083,-145.674758,producer,Plantae,Magnoliophyta,Nymphaeales,Nymphaeaceae,Nuphar,polysepalum,1,leaf,,-32.43536,1.118662,,
0144,WCW,08/14/19,elodea,60.493083,-145.674758,producer,Plantae,Magnoliophyta,Halorgales,Haloragaceae,Myriophyllum,sibiricum,1,whole.indiv,,-31.77728,-2.061962,,
0151,EYS,08/13/19,native,60.477,-145.683,producer,Plantae,Magnoliophyta,Halorgales,Haloragaceae,Myriophyllum,sibiricum,1,emergent,,-30.75488,-0.287696,,
0026,WCW,08/14/19,elodea,60.493083,-145.674758,producer,Plantae,Magnoliophyta,Najadales,Potamogetonaceae,Potamogeton,natans,1,seed,,-29.978615,-0.9048085,,
0050,SWN,08/07/19,elodea,60.432306,-145.300406,producer,Plantae,Magnoliophyta,Najadales,Potamogetonaceae,Potamogeton,natans,1,inflorescence,,-29.85272,-0.153679,,
0056,SWN,08/07/19,elodea,60.432306,-145.300406,producer,Plantae,Magnoliophyta,Najadales,Potamogetonaceae,Potamogeton,natans,1,seed,,-29.802845,-0.645979,,
0002,WCW,08/14/19,elodea,60.493083,-145.674758,producer,Plantae,Magnoliophyta,Callitrichales,Hippuridaceae,Hippuris,vulgaris,1,emergent,,-29.77605,2.679873,,
0064,SWN,08/07/19,elodea,60.432306,-145.300406,producer,Plantae,Magnoliophyta,Najadales,Potamogetonaceae,Potamogeton,natans,1,stem,,-29.753405,2.010164,,
0054,SWN,08/07/19,elodea,60.432306,-145.300406,producer,Plantae,Magnoliophyta,Najadales,Potamogetonaceae,Potamogeton,natans,1,leaf,,-29.71272,-3.703873,,
0010,WCW,08/14/19,elodea,60.493083,-145.674758,producer,Plantae,Magnoliophyta,Rosales,Rosaceae,Comarum,palustris,1,leaf,,-29.6663,1.174807,,
0022,WCW,08/14/19,elodea,60.493083,-145.674758,producer,Plantae,Magnoliophyta,Najadales,Potamogetonaceae,Potamogeton,natans,1,leaf,,-29.5146,0.199172,,
0024,WCW,08/14/19,elodea,60.493083,-145.674758,producer,Plantae,Magnoliophyta,Najadales,Potamogetonaceae,Potamogeton,natans,1,leaf,,-29.51425667,-0.866176,,
0063,SWN,08/07/19,elodea,60.432306,-145.300406,producer,Plantae,Magnoliophyta,Najadales,Potamogetonaceae,Potamogeton,natans,1,leaf,,-29.50466,1.897268,,
0108,WCW,08/14/19,elodea,60.493083,-145.674758,producer,Plantae,Magnoliophyta,Solanales,Menyanthaceae,Menyanthes,trifoliata,1,stem,,-29.486635,1.537176,,
0065,SWN,08/07/19,elodea,60.432306,-145.300406,producer,Plantae,Magnoliophyta,Najadales,Potamogetonaceae,Potamogeton,natans,1,seed,,-29.392905,1.271048,,
0106,WCW,08/14/19,elodea,60.493083,-145.674758,producer,Plantae,Magnoliophyta,Solanales,Menyanthaceae,Menyanthes,trifoliata,1,stem,,-29.36728,1.378324,,
0057,SWN,08/07/19,elodea,60.432306,-145.300406,producer,Plantae,Magnoliophyta,Najadales,Potamogetonaceae,Potamogeton,natans,1,inflorescence,,-29.36664,-3.047224,,
0051,SWN,08/07/19,elodea,60.432306,-145.300406,producer,Plantae,Magnoliophyta,Najadales,Potamogetonaceae,Potamogeton,natans,1,leaf,,-29.33059,1.446125,,
0102,WCW,08/14/19,elodea,60.493083,-145.674758,producer,Plantae,Magnoliophyta,Rosales,Rosaceae,Comarum,palustris,1,stem,,-29.21359,0.904924,,
0044,SWN,08/07/19,elodea,60.432306,-145.300406,producer,Plantae,Magnoliophyta,Najadales,Potamogetonaceae,Potamogeton,natans,1,seed,,-29.20604,0.164744,,
0009,WCW,08/14/19,elodea,60.493083,-145.674758,producer,Plantae,Magnoliophyta,Cyperales,Poaceae,N/A,N/A,1,leaf,,-29.0892,-0.26176,,
0023,WCW,08/14/19,elodea,60.493083,-145.674758,producer,Plantae,Magnoliophyta,Najadales,Potamogetonaceae,Potamogeton,natans,1,stem,,-28.99445,-1.4393005,,
0061,SWN,08/07/19,elodea,60.432306,-145.300406,producer,Plantae,Magnoliophyta,Najadales,Potamogetonaceae,Potamogeton,natans,1,leaf,,-28.913955,-1.073308,,
0069,STB,08/05/19,native,60.515863,-145.577063,producer,Plantae,Magnoliophyta,Callitrichales,Hippuridaceae,Hippuris,vulgaris,1,emergent,,-28.908805,-2.421004,,
0025,WCW,08/14/19,elodea,60.493083,-145.674758,producer,Plantae,Magnoliophyta,Najadales,Potamogetonaceae,Potamogeton,natans,1,stem,,-28.90793,-0.1648825,,
0055,SWN,08/07/19,elodea,60.432306,-145.300406,producer,Plantae,Magnoliophyta,Najadales,Potamogetonaceae,Potamogeton,natans,1,stem,,-28.832585,1.256936,,
0043,SWN,08/07/19,elodea,60.432306,-145.300406,producer,Plantae,Magnoliophyta,Najadales,Potamogetonaceae,Potamogeton,natans,1,leaf,,-28.75673,1.361618,,
0027,WCW,08/14/19,elodea,60.493083,-145.674758,producer,Plantae,Magnoliophyta,Najadales,Potamogetonaceae,Potamogeton,natans,1,seed,,-28.708625,-4.6253455,,
0058,SWN,08/07/19,elodea,60.432306,-145.300406,producer,Plantae,Magnoliophyta,Najadales,Potamogetonaceae,Potamogeton,natans,1,seed,,-28.70641,-3.070156,,
0052,SWN,08/07/19,elodea,60.432306,-145.300406,producer,Plantae,Magnoliophyta,Najadales,Potamogetonaceae,Potamogeton,natans,1,stem,,-28.660575,-0.119425,,
0104,WCW,08/14/19,elodea,60.493083,-145.674758,producer,Plantae,Magnoliophyta,Solanales,Menyanthaceae,Menyanthes,trifoliata,1,stem,,-28.64897,1.770194,,
0028,WCW,08/14/19,elodea,60.493083,-145.674758,producer,Plantae,Magnoliophyta,Najadales,Potamogetonaceae,Potamogeton,natans,1,inflorescence,,-28.57627,-1.2565915,,
0036,WCW,08/14/19,elodea,60.493083,-145.674758,producer,Plantae,Magnoliophyta,Najadales,Potamogetonaceae,Potamogeton,natans,1,leaf,,-28.5513975,1.901577,,
0008,WCW,08/14/19,elodea,60.493083,-145.674758,producer,Plantae,Magnoliophyta,Cyperales,Poaceae,N/A,N/A,1,emergent,,-28.537,0.684298,,
0031,WCW,08/14/19,elodea,60.493083,-145.674758,producer,Plantae,Magnoliophyta,Najadales,Potamogetonaceae,Potamogeton,natans,1,inflorescence,,-28.43001,1.965359,,
0001,WCW,08/14/19,elodea,60.493083,-145.674758,producer,Plantae,Magnoliophyta,Callitrichales,Hippuridaceae,Hippuris,vulgaris,1,emergent,,-28.4264,3.6516,,
0045,SWN,08/07/19,elodea,60.432306,-145.300406,producer,Plantae,Magnoliophyta,Najadales,Potamogetonaceae,Potamogeton,natans,1,seed.head,,-28.38596,-0.795481,,Empty Seed Head
0048,SWN,08/07/19,elodea,60.432306,-145.300406,producer,Plantae,Magnoliophyta,Najadales,Potamogetonaceae,Potamogeton,natans,1,leaf,,-28.36454,1.106797,,
0033,WCW,08/14/19,elodea,60.493083,-145.674758,producer,Plantae,Magnoliophyta,Najadales,Potamogetonaceae,Potamogeton,natans,1,leaf,,-28.22607,-1.112515,,
0099,WCW,08/14/19,elodea,60.493083,-145.674758,producer,Plantae,Magnoliophyta,Rosales,Rosaceae,Comarum,palustris,1,leaf,,-28.14757,1.760726,,
0042,SWN,08/07/19,elodea,60.432306,-145.300406,producer,Plantae,Magnoliophyta,Najadales,Potamogetonaceae,Potamogeton,natans,1,stem,,-28.04732,-0.142115,,
0068,STB,08/05/19,native,60.515863,-145.577063,producer,Plantae,Magnoliophyta,Callitrichales,Hippuridaceae,Hippuris,vulgaris,1,emergent,,-28.016825,-2.854507,,
0029,WCW,08/14/19,elodea,60.493083,-145.674758,producer,Plantae,Magnoliophyta,Najadales,Potamogetonaceae,Potamogeton,natans,1,leaf,,-27.97681,-0.555298,,
0035,WCW,08/14/19,elodea,60.493083,-145.674758,producer,Plantae,Equisetophyta,Equisetales,Equisetaceae,Equisetum,NA,1,emergent,,-27.862135,-0.35913375,,
0105,WCW,08/14/19,elodea,60.493083,-145.674758,producer,Plantae,Magnoliophyta,Solanales,Menyanthaceae,Menyanthes,trifoliata,1,leaf,,-27.75408,1.282592,,
0047,SWN,08/07/19,elodea,60.432306,-145.300406,producer,Plantae,Magnoliophyta,Najadales,Potamogetonaceae,Potamogeton,natans,1,stem,,-27.71684,2.091802,,
0037,WCW,08/14/19,elodea,60.493083,-145.674758,producer,Plantae,Magnoliophyta,Najadales,Potamogetonaceae,Potamogeton,natans,1,stem,,-27.58322,-2.02333,,
0046,SWN,08/07/19,elodea,60.432306,-145.300406,producer,Plantae,Magnoliophyta,Najadales,Potamogetonaceae,Potamogeton,natans,1,leaf,,-27.58322,2.567165,,
0049,SWN,08/07/19,elodea,60.432306,-145.300406,producer,Plantae,Magnoliophyta,Najadales,Potamogetonaceae,Potamogeton,natans,1,stem,,-27.50264,0.61987,,
0032,WCW,08/14/19,elodea,60.493083,-145.674758,producer,Plantae,Magnoliophyta,Najadales,Potamogetonaceae,Potamogeton,natans,1,stem,,-27.40722,2.168066,,
0059,SWN,08/07/19,elodea,60.432306,-145.300406,producer,Plantae,Magnoliophyta,Najadales,Potamogetonaceae,Potamogeton,natans,1,leaf,,-27.40655,2.19803,,
0062,SWN,08/07/19,elodea,60.432306,-145.300406,producer,Plantae,Magnoliophyta,Najadales,Potamogetonaceae,Potamogeton,natans,1,stem,,-27.08931,-1.681888,,
0041,WCW,08/14/19,elodea,60.493083,-145.674758,producer,Plantae,Magnoliophyta,Najadales,Potamogetonaceae,Potamogeton,natans,1,leaf,,-27.0314,0.326227,,
0004,WCW,08/14/19,elodea,60.493083,-145.674758,producer,Plantae,Magnoliophyta,Solanales,Menyanthaceae,Menyanthes,trifoliata,1,leaf,,-27.00033333,-1.244353333,,
0107,WCW,08/14/19,elodea,60.493083,-145.674758,producer,Plantae,Magnoliophyta,Solanales,Menyanthaceae,Menyanthes,trifoliata,1,leaf,,-26.90497,0.703466,,
0040,WCW,08/14/19,elodea,60.493083,-145.674758,producer,Plantae,Magnoliophyta,Najadales,Potamogetonaceae,Potamogeton,natans,1,inflorescence,,-26.89829,-0.708338,,
0100,WCW,08/14/19,elodea,60.493083,-145.674758,producer,Plantae,Magnoliophyta,Rosales,Rosaceae,Comarum,palustris,1,stem,,-26.8581,1.606608,,
0039,WCW,08/14/19,elodea,60.493083,-145.674758,producer,Plantae,Magnoliophyta,Najadales,Potamogetonaceae,Potamogeton,natans,1,stem,,-26.72948,0.041257,,
0003,WCW,08/14/19,elodea,60.493083,-145.674758,producer,Plantae,Magnoliophyta,Nymphaeales,Nymphaeaceae,Nuphar,polysepalum,1,leaf,,-26.6633,1.000176333,,
0060,SWN,08/07/19,elodea,60.432306,-145.300406,producer,Plantae,Magnoliophyta,Najadales,Potamogetonaceae,Potamogeton,natans,1,stem,,-26.535685,0.096665,,
0103,WCW,08/14/19,elodea,60.493083,-145.674758,producer,Plantae,Magnoliophyta,Solanales,Menyanthaceae,Menyanthes,trifoliata,1,leaf,,-26.36433,-0.022414,,
0007,WCW,08/14/19,elodea,60.493083,-145.674758,producer,Plantae,Bryophyta,Sphagnales,Sphagnaceae,Sphagnum,N/A,1,submerged,,-26.3425,-0.5253633333,,
0030,WCW,08/14/19,elodea,60.493083,-145.674758,producer,Plantae,Magnoliophyta,Najadales,Potamogetonaceae,Potamogeton,natans,1,stem,,-26.220145,-1.2538645,,
0145,WCW,08/14/19,elodea,60.493083,-145.674758,producer,Plantae,Magnoliophyta,Halorgales,Haloragaceae,Myriophyllum,sibiricum,1,whole.indiv,,-25.77968,-1.320212,,
0005,WCW,08/14/19,elodea,60.493083,-145.674758,producer,Plantae,Magnoliophyta,Solanales,Menyanthaceae,Menyanthes,trifoliata,1,stem,,-25.6623,-1.142946667,,
0006,WCW,08/14/19,elodea,60.493083,-145.674758,producer,Plantae,Bryophyta,Sphagnales,Sphagnaceae,Sphagnum,N/A,1,emergent,,-25.5593,-0.711015,,
0021,WCW,08/14/19,elodea,60.493083,-145.674758,producer,Plantae,Magnoliophyta,Halorgales,Haloragaceae,Myriophyllum,sibiricum,1,emergent,,-24.8981,-1.199779,,
0070,STB,08/05/19,native,60.515863,-145.577063,producer,Plantae,Magnoliophyta,Callitrichales,Hippuridaceae,Hippuris,vulgaris,1,emergent,,#NAME?,,,
0011,RHM,07/27/19,native,,,predator,Animalia,Annelida,Hirudinea,N/A,N/A,N/A,1,whole.invert,,,,,
0012,EYS,08/13/19,native,60.477,-145.683,predator,Animalia,Anthropoda,Coleoptera,Dytiscus,N/A,N/A,1,whole.invert,,,,,
0013,EYS,08/14/19,native,60.477,-145.683,predator,Animalia,Anthropoda,Tricoptera,N/A,N/A,N/A,1,whole.invert,,,,,
0014,EYS,08/15/19,native,60.477,-145.683,predator,Animalia,Anthropoda,Odonata,N/A,N/A,N/A,1,whole.invert,,,,,
0015,EYS,08/16/19,native,60.477,-145.683,predator,Animalia,Anthropoda,Odonata,N/A,N/A,N/A,1,whole.invert,,,,,
0016,EYS,08/17/19,native,60.477,-145.683,predator,Animalia,Anthropoda,Odonata,N/A,N/A,N/A,1,whole.invert,,,,,
0017,EYS,08/18/19,native,60.477,-145.683,predator,Animalia,Anthropoda,Odonata,N/A,N/A,N/A,1,whole.invert,,,,,
0018,WCW,08/14/19,elodea,60.493083,-145.674758,producer,Plantae,Magnoliophyta,Rosales,Rosaceae,Comarum,palustris,1,stem,,,,,
0019,EYS,08/20/19,native,60.477,-145.683,predator,Animalia,Anthropoda,Coleoptera,Dytiscus,N/A,N/A,1,whole.invert,,,,,
0020,WCW,08/14/19,elodea,60.493083,-145.674758,producer,Plantae,Magnoliophyta,Najadales,Potamogetonaceae,Potamogeton,natans,1,leaf,,,,,
0034,WCW,08/14/19,elodea,60.493083,-145.674758,producer,Plantae,Equisetophyta,Equisetales,Equisetaceae,Equisetum,NA,1,emergent,,,,,
0038,WCW,08/14/19,elodea,60.493083,-145.674758,producer,Plantae,Magnoliophyta,Najadales,Potamogetonaceae,Potamogeton,natans,1,inflorescence,,,,,
0053,SWN,08/07/19,elodea,60.432306,-145.300406,producer,Plantae,Magnoliophyta,Najadales,Potamogetonaceae,Potamogeton,natans,1,inflorescence,,,,,
0066,SWN,08/07/19,elodea,60.432306,-145.300406,producer,Plantae,Magnoliophyta,Najadales,Potamogetonaceae,Potamogeton,natans,1,inflorescence,,,,,
0067,SWN,08/07/19,elodea,60.432306,-145.300406,producer,Plantae,Magnoliophyta,Najadales,Potamogetonaceae,Potamogeton,natans,1,seed,,,,,
0071,STB,08/05/19,native,60.515863,-145.577063,producer,Plantae,Magnoliophyta,Callitrichales,Hippuridaceae,Hippuris,vulgaris,1,emergent,,,,,
0072,STB,08/05/19,native,60.515863,-145.577063,producer,Plantae,Magnoliophyta,Callitrichales,Hippuridaceae,Hippuris,vulgaris,1,emergent,,,,,
0073,STB,08/05/19,native,60.515863,-145.577063,producer,Plantae,Magnoliophyta,Callitrichales,Hippuridaceae,Hippuris,vulgaris,1,emergent,,,,,
0074,STB,08/05/19,native,60.515863,-145.577063,producer,Plantae,Magnoliophyta,Callitrichales,Hippuridaceae,Hippuris,vulgaris,1,emergent,,,,,
0075,STB,08/05/19,native,60.515863,-145.577063,producer,Plantae,Magnoliophyta,Callitrichales,Hippuridaceae,Hippuris,vulgaris,1,emergent,,,,,
0076,STB,08/05/19,native,60.515863,-145.577063,producer,Plantae,Magnoliophyta,Callitrichales,Hippuridaceae,Hippuris,vulgaris,1,emergent,,,,,
0077,STB,08/05/19,native,60.515863,-145.577063,producer,Plantae,Magnoliophyta,Callitrichales,Hippuridaceae,Hippuris,vulgaris,1,emergent,,,,,
0078,STB,08/05/19,native,60.515863,-145.577063,producer,Plantae,Magnoliophyta,Callitrichales,Hippuridaceae,Hippuris,vulgaris,1,emergent,,,,,
0079,STB,08/05/19,native,60.515863,-145.577063,producer,Plantae,Magnoliophyta,Callitrichales,Hippuridaceae,Hippuris,vulgaris,1,emergent,,,,,
0080,STB,08/05/19,native,60.515863,-145.577063,producer,Plantae,Magnoliophyta,Callitrichales,Hippuridaceae,Hippuris,vulgaris,1,emergent,,,,,
0081,WCW,08/14/19,elodea,60.493083,-145.674758,producer,Plantae,Magnoliophyta,Callitrichales,Hippuridaceae,Hippuris,vulgaris,1,emergent,,,,,
0082,WCW,08/14/19,elodea,60.493083,-145.674758,producer,Plantae,Magnoliophyta,Callitrichales,Hippuridaceae,Hippuris,vulgaris,1,emergent,,,,,
0083,WCW,08/14/19,elodea,60.493083,-145.674758,producer,Plantae,Magnoliophyta,Callitrichales,Hippuridaceae,Hippuris,vulgaris,1,emergent,,,,,
0084,WCW,08/14/19,elodea,60.493083,-145.674758,producer,Plantae,Magnoliophyta,Callitrichales,Hippuridaceae,Hippuris,vulgaris,1,emergent,,,,,
0085,WCW,08/14/19,elodea,60.493083,-145.674758,producer,Plantae,Magnoliophyta,Callitrichales,Hippuridaceae,Hippuris,vulgaris,1,emergent,,,,,
0086,WCW,08/14/19,elodea,60.493083,-145.674758,producer,Plantae,Magnoliophyta,Callitrichales,Hippuridaceae,Hippuris,vulgaris,1,emergent,,,,,
0087,WCW,08/14/19,elodea,60.493083,-145.674758,producer,Plantae,Magnoliophyta,Callitrichales,Hippuridaceae,Hippuris,vulgaris,1,emergent,,,,,
0088,WCW,08/14/19,elodea,60.493083,-145.674758,producer,Plantae,Magnoliophyta,Callitrichales,Hippuridaceae,Hippuris,vulgaris,1,emergent,,,,,
0089,WCW,08/14/19,elodea,60.493083,-145.674758,producer,Plantae,Magnoliophyta,Rosales,Rosaceae,Comarum,palustris,1,leaf,,,,,
0090,WCW,08/14/19,elodea,60.493083,-145.674758,producer,Plantae,Magnoliophyta,Rosales,Rosaceae,Comarum,palustris,1,stem,,,,,
0091,WCW,08/14/19,elodea,60.493083,-145.674758,producer,Plantae,Magnoliophyta,Rosales,Rosaceae,Comarum,palustris,1,leaf,,,,,
0092,WCW,08/14/19,elodea,60.493083,-145.674758,producer,Plantae,Magnoliophyta,Rosales,Rosaceae,Comarum,palustris,1,stem,,,,,
0093,WCW,08/14/19,elodea,60.493083,-145.674758,producer,Plantae,Magnoliophyta,Rosales,Rosaceae,Comarum,palustris,1,leaf,,,,,
0094,WCW,08/14/19,elodea,60.493083,-145.674758,producer,Plantae,Magnoliophyta,Rosales,Rosaceae,Comarum,palustris,1,stem,,,,,
0095,WCW,08/14/19,elodea,60.493083,-145.674758,producer,Plantae,Magnoliophyta,Rosales,Rosaceae,Comarum,palustris,1,leaf,,,,,
0096,WCW,08/14/19,elodea,60.493083,-145.674758,producer,Plantae,Magnoliophyta,Rosales,Rosaceae,Comarum,palustris,1,stem,,,,,
0097,WCW,08/14/19,elodea,60.493083,-145.674758,producer,Plantae,Magnoliophyta,Rosales,Rosaceae,Comarum,palustris,1,leaf,,,,,
0098,WCW,08/14/19,elodea,60.493083,-145.674758,producer,Plantae,Magnoliophyta,Rosales,Rosaceae,Comarum,palustris,1,stem,,,,,
0101,WCW,08/14/19,elodea,60.493083,-145.674758,producer,Plantae,Magnoliophyta,Rosales,Rosaceae,Comarum,palustris,1,leaf,,,,,
0109,WCW,08/14/19,elodea,60.493083,-145.674758,producer,Plantae,Magnoliophyta,Solanales,Menyanthaceae,Menyanthes,trifoliata,1,leaf,,,,,
0110,WCW,08/14/19,elodea,60.493083,-145.674758,producer,Plantae,Magnoliophyta,Solanales,Menyanthaceae,Menyanthes,trifoliata,1,stem,,,,,
0111,WCW,08/14/19,elodea,60.493083,-145.674758,producer,Plantae,Magnoliophyta,Solanales,Menyanthaceae,Menyanthes,trifoliata,1,leaf,,,,,
0112,WCW,08/14/19,elodea,60.493083,-145.674758,producer,Plantae,Magnoliophyta,Solanales,Menyanthaceae,Menyanthes,trifoliata,1,stem,,,,,
0113,WCW,08/14/19,elodea,60.493083,-145.674758,producer,Plantae,Magnoliophyta,Solanales,Menyanthaceae,Menyanthes,trifoliata,1,leaf,,,,,
0114,WCW,08/14/19,elodea,60.493083,-145.674758,producer,Plantae,Magnoliophyta,Solanales,Menyanthaceae,Menyanthes,trifoliata,1,stem,,,,,
0115,WCW,08/14/19,elodea,60.493083,-145.674758,producer,Plantae,Magnoliophyta,Solanales,Menyanthaceae,Menyanthes,trifoliata,1,whole.indiv,,,,,
0116,WCW,08/14/19,elodea,60.493083,-145.674758,producer,Plantae,Bryophyta,Sphagnales,Sphagnaceae,Sphagnum,N/A,1,whole.indiv,,,,,
0117,WCW,08/14/19,elodea,60.493083,-145.674758,producer,Plantae,Bryophyta,Sphagnales,Sphagnaceae,Sphagnum,N/A,1,whole.indiv,,,,,
0118,WCW,08/14/19,elodea,60.493083,-145.674758,producer,Plantae,Bryophyta,Sphagnales,Sphagnaceae,Sphagnum,N/A,1,whole.indiv,,,,,
0119,WCW,08/14/19,elodea,60.493083,-145.674758,producer,Plantae,Bryophyta,Sphagnales,Sphagnaceae,Sphagnum,N/A,1,whole.indiv,,,,,
0120,WCW,08/14/19,elodea,60.493083,-145.674758,producer,Plantae,Bryophyta,Sphagnales,Sphagnaceae,Sphagnum,N/A,1,whole.indiv,,,,,
0121,WCW,08/14/19,elodea,60.493083,-145.674758,producer,Plantae,Bryophyta,Sphagnales,Sphagnaceae,Sphagnum,N/A,1,whole.indiv,,,,,
0122,WCW,08/14/19,elodea,60.493083,-145.674758,producer,Plantae,Bryophyta,Sphagnales,Sphagnaceae,Sphagnum,N/A,1,whole.indiv,,,,,
0123,WCW,08/14/19,elodea,60.493083,-145.674758,producer,Plantae,Magnoliophyta,Cyperales,Poaceae,N/A,N/A,1,emergent,,,,,
0124,WCW,08/14/19,elodea,60.493083,-145.674758,producer,Plantae,Magnoliophyta,Cyperales,Poaceae,N/A,N/A,1,leaf,,,,,
0125,WCW,08/14/19,elodea,60.493083,-145.674758,producer,Plantae,Magnoliophyta,Cyperales,Poaceae,N/A,N/A,1,emergent,,,,,
0126,WCW,08/14/19,elodea,60.493083,-145.674758,producer,Plantae,Magnoliophyta,Cyperales,Poaceae,N/A,N/A,1,leaf,,,,,
0127,WCW,08/14/19,elodea,60.493083,-145.674758,producer,Plantae,Magnoliophyta,Cyperales,Poaceae,N/A,N/A,1,emergent,,,,,
0128,WCW,08/14/19,elodea,60.493083,-145.674758,producer,Plantae,Magnoliophyta,Cyperales,Poaceae,N/A,N/A,1,leaf,,,,,
0129,WCW,08/14/19,elodea,60.493083,-145.674758,producer,Plantae,Magnoliophyta,Cyperales,Poaceae,N/A,N/A,1,emergent,,,,,
0130,WCW,08/14/19,elodea,60.493083,-145.674758,producer,Plantae,Magnoliophyta,Cyperales,Poaceae,N/A,N/A,1,leaf,,,,,
0131,WCW,08/14/19,elodea,60.493083,-145.674758,producer,Plantae,Magnoliophyta,Cyperales,Poaceae,N/A,N/A,1,emergent,,,,,
0132,WCW,08/14/19,elodea,60.493083,-145.674758,producer,Plantae,Magnoliophyta,Cyperales,Poaceae,N/A,N/A,1,leaf,,,,,
0133,WCW,08/14/19,elodea,60.493083,-145.674758,producer,Plantae,Magnoliophyta,Cyperales,Poaceae,N/A,N/A,1,emergent,,,,,
0134,WCW,08/14/19,elodea,60.493083,-145.674758,producer,Plantae,Magnoliophyta,Cyperales,Poaceae,N/A,N/A,1,leaf,,,,,
0135,WCW,08/14/19,elodea,60.493083,-145.674758,producer,Plantae,Magnoliophyta,Cyperales,Poaceae,N/A,N/A,1,emergent,,,,,
0136,WCW,08/14/19,elodea,60.493083,-145.674758,producer,Plantae,Magnoliophyta,Cyperales,Poaceae,N/A,N/A,1,leaf,,,,,
0137,WCW,08/14/19,elodea,60.493083,-145.674758,producer,Plantae,Magnoliophyta,Nymphaeales,Nymphaeaceae,Nuphar,polysepalum,1,inflorescence,,,,,
0139,WCW,08/14/19,elodea,60.493083,-145.674758,producer,Plantae,Magnoliophyta,Nymphaeales,Nymphaeaceae,Nuphar,polysepalum,1,inflorescence,,,,,
0140,WCW,08/14/19,elodea,60.493083,-145.674758,producer,Plantae,Magnoliophyta,Nymphaeales,Nymphaeaceae,Nuphar,polysepalum,1,inflorescence,,,,,
0141,WCW,08/14/19,elodea,60.493083,-145.674758,producer,Plantae,Magnoliophyta,Nymphaeales,Nymphaeaceae,Nuphar,polysepalum,1,inflorescence,,,,,
0150,WCW,08/14/19,elodea,60.493083,-145.674758,producer,Plantae,Magnoliophyta,Typhales,Sparganiaceae,Sparganium,augustifolium,1,seed,,,,,
0152,EYS,08/13/19,native,60.477,-145.683,producer,Plantae,Magnoliophyta,Halorgales,Haloragaceae,Myriophyllum,sibiricum,1,emergent,,,,,
0153,EYS,08/13/19,native,60.477,-145.683,producer,Plantae,Magnoliophyta,Halorgales,Haloragaceae,Myriophyllum,sibiricum,1,emergent,,,,,
0154,EYS,08/13/19,native,60.477,-145.683,producer,Plantae,Magnoliophyta,Callitrichales,Hippuridaceae,Hippuris,vulgaris,1,emergent,,,,,
0155,EYS,08/13/19,native,60.477,-145.683,producer,Plantae,Magnoliophyta,Callitrichales,Hippuridaceae,Hippuris,vulgaris,1,emergent,,,,,
0156,EYS,08/13/19,native,60.477,-145.683,producer,Plantae,Magnoliophyta,Callitrichales,Hippuridaceae,Hippuris,vulgaris,1,emergent,,,,,
0157,EYS,08/13/19,native,60.477,-145.683,producer,Plantae,Bryophyta,Sphagnales,Sphagnaceae,Sphagnum,N/A,1,whole.indiv,,,,,
0158,EYS,08/13/19,native,60.477,-145.683,producer,Plantae,Bryophyta,Sphagnales,Sphagnaceae,Sphagnum,N/A,1,whole.indiv,,,,,
0159,EYS,08/13/19,native,60.477,-145.683,producer,Plantae,Bryophyta,Sphagnales,Sphagnaceae,Sphagnum,N/A,1,whole.indiv,,,,,
0160,EYS,08/13/19,native,60.477,-145.683,producer,Plantae,Equisetophyta,Equisetales,Equisetaceae,Equisetum,N/A,1,emergent,,,,,
0161,EYS,08/13/19,native,60.477,-145.683,producer,Plantae,Equisetophyta,Equisetales,Equisetaceae,Equisetum,N/A,1,emergent,,,,,
0162,EYS,08/13/19,native,60.477,-145.683,producer,Plantae,Equisetophyta,Equisetales,Equisetaceae,Equisetum,N/A,1,emergent,,,,,
0163,EYS,08/13/19,native,60.477,-145.683,producer,Plantae,Magnoliophyta,Rosales,Rosaceae,Comarum,palustris,1,leaf,,,,,
0164,EYS,08/13/19,native,60.477,-145.683,producer,Plantae,Magnoliophyta,Rosales,Rosaceae,Comarum,palustris,1,leaf,,,,,
0165,EYS,08/13/19,native,60.477,-145.683,producer,Plantae,Magnoliophyta,Rosales,Rosaceae,Comarum,palustris,1,leaf,,,,,
0166,EYS,08/13/19,native,60.477,-145.683,producer,Plantae,Magnoliophyta,Solanales,Menyanthaceae,Menyanthes,trifoliata,1,leaf,,,,,
0167,EYS,08/13/19,native,60.477,-145.683,producer,Plantae,Magnoliophyta,Solanales,Menyanthaceae,Menyanthes,trifoliata,1,stem,,,,,
0168,EYS,08/13/19,native,60.477,-145.683,producer,Plantae,Magnoliophyta,Solanales,Menyanthaceae,Menyanthes,trifoliata,1,leaf,,,,,
0169,EYS,08/13/19,native,60.477,-145.683,producer,Plantae,Magnoliophyta,Solanales,Menyanthaceae,Menyanthes,trifoliata,1,stem,,,,,
0170,EYS,08/13/19,native,60.477,-145.683,producer,Plantae,Magnoliophyta,Solanales,Menyanthaceae,Menyanthes,trifoliata,1,leaf,,,,,
0171,EYS,08/13/19,native,60.477,-145.683,producer,Plantae,Magnoliophyta,Solanales,Menyanthaceae,Menyanthes,trifoliata,1,stem,,,,,
0172,EYS,08/13/19,native,60.477,-145.683,producer,Plantae,Magnoliophyta,Nymphaeales,Nymphaeaceae,Nuphar,polysepalum,1,leaf,,,,,
0173,EYS,08/13/19,native,60.477,-145.683,producer,Plantae,Magnoliophyta,Nymphaeales,Nymphaeaceae,Nuphar,polysepalum,1,leaf,,,,,
0174,EYS,08/13/19,native,60.477,-145.683,producer,Plantae,Magnoliophyta,Nymphaeales,Nymphaeaceae,Nuphar,polysepalum,1,leaf,,,,,
0175,WGN,08/06/19,elodea,60.514908,-145.572265,producer,Plantae,Equisetophyta,Equisetales,Equisetaceae,Equisetum,N/A,1,whole.indiv,,,,,
0176,WGN,08/06/19,elodea,60.514908,-145.572265,producer,Plantae,Equisetophyta,Equisetales,Equisetaceae,Equisetum,N/A,1,whole.indiv,,,,,
0177,WGN,08/06/19,elodea,60.514908,-145.572265,producer,Plantae,Equisetophyta,Equisetales,Equisetaceae,Equisetum,N/A,1,whole.indiv,,,,,
0178,WGN,08/06/19,elodea,60.514908,-145.572265,producer,Plantae,Magnoliophyta,Salicales,Salicaceae,Salix,N/A,1,leaf,,,,,
0179,WGN,08/06/19,elodea,60.514908,-145.572265,producer,Plantae,Magnoliophyta,Salicales,Salicaceae,Salix,N/A,1,leaf,,,,,
0180,WGN,08/06/19,elodea,60.514908,-145.572265,producer,Plantae,Magnoliophyta,Salicales,Salicaceae,Salix,N/A,1,leaf,,,,,
0181,WGN,08/06/19,elodea,60.514908,-145.572265,producer,Plantae,Magnoliophyta,Nymphaeales,Nymphaeaceae,Nuphar,polysepalum,1,leaf,,,,,
0182,WGN,08/06/19,elodea,60.514908,-145.572265,producer,Plantae,Magnoliophyta,Nymphaeales,Nymphaeaceae,Nuphar,polysepalum,1,leaf,,,,,
0183,WGN,08/06/19,elodea,60.514908,-145.572265,producer,Plantae,Magnoliophyta,Nymphaeales,Nymphaeaceae,Nuphar,polysepalum,1,leaf,,,,,
0184,WGN,08/06/19,elodea,60.514908,-145.572265,producer,Plantae,Magnoliophyta,Hydrocharitales,Hydrocharitaceae,Elodea,canadensis,1,whole.indiv,,,,,
0185,WGN,08/06/19,elodea,60.514908,-145.572265,producer,Plantae,Magnoliophyta,Hydrocharitales,Hydrocharitaceae,Elodea,canadensis,1,whole.indiv,,,,,
0186,WGN,08/06/19,elodea,60.514908,-145.572265,producer,Plantae,Magnoliophyta,Hydrocharitales,Hydrocharitaceae,Elodea,canadensis,1,whole.indiv,,,,,
0187,WGN,08/06/19,elodea,60.514908,-145.572265,producer,Plantae,Magnoliophyta,Najadales,Potamogetonaceae,Potamogeton,natans,1,leaf,,,,,
0188,WGN,08/06/19,elodea,60.514908,-145.572265,producer,Plantae,Magnoliophyta,Najadales,Potamogetonaceae,Potamogeton,natans,1,leaf,,,,,
0189,WGN,08/06/19,elodea,60.514908,-145.572265,producer,Plantae,Magnoliophyta,Najadales,Potamogetonaceae,Potamogeton,natans,1,leaf,,,,,
0190,WGN,08/06/19,elodea,60.514908,-145.572265,producer,Plantae,Magnoliophyta,Typhales,Sparganiaceae,Sparganium,augustifolium,1,leaf,,,,,(tops of strands)
0191,WGN,08/06/19,elodea,60.514908,-145.572265,producer,Plantae,Magnoliophyta,Typhales,Sparganiaceae,Sparganium,augustifolium,1,leaf,,,,,(tops of strands)
0192,WGN,08/06/19,elodea,60.514908,-145.572265,producer,Plantae,Magnoliophyta,Typhales,Sparganiaceae,Sparganium,augustifolium,1,leaf,,,,,(tops of strands)
0193,WGN,08/06/19,elodea,60.514908,-145.572265,producer,Plantae,Magnoliophyta,Callitrichales,Hippuridaceae,Hippuris,vulgaris,1,whole.indiv,,,,,
0194,WGN,08/06/19,elodea,60.514908,-145.572265,producer,Plantae,Magnoliophyta,Callitrichales,Hippuridaceae,Hippuris,vulgaris,1,whole.indiv,,,,,
0195,WGN,08/06/19,elodea,60.514908,-145.572265,producer,Plantae,Magnoliophyta,Callitrichales,Hippuridaceae,Hippuris,vulgaris,1,whole.indiv,,,,,
0196,WGN,08/06/19,elodea,60.514908,-145.572265,producer,Plantae,Equisetophyta,Equisetales,Equisetaceae,Equisetum,N/A,1,whole.indiv,,,,,
0197,STB,08/05/19,native,60.515863,-145.577063,producer,Plantae,Equisetophyta,Equisetales,Equisetaceae,Equisetum,N/A,1,whole.indiv,,,,,
0198,STB,08/05/19,native,60.515863,-145.577063,producer,Plantae,Equisetophyta,Equisetales,Equisetaceae,Equisetum,N/A,1,whole.indiv,,,,,
0199,STB,08/05/19,native,60.515863,-145.577063,producer,Plantae,Equisetophyta,Equisetales,Equisetaceae,Equisetum,N/A,1,whole.indiv,,,,,
0200,WGN,08/06/19,elodea,60.514908,-145.572265,producer,Plantae,Magnoliophyta,Myricales,Myricaceae,Myrica,gale,1,leaf,,,,,
0201,WGN,08/06/19,elodea,60.514908,-145.572265,producer,Plantae,Magnoliophyta,Myricales,Myricaceae,Myrica,gale,1,leaf,,,,,
0202,WGN,08/06/19,elodea,60.514908,-145.572265,producer,Plantae,Magnoliophyta,Myricales,Myricaceae,Myrica,gale,1,leaf,,,,,
0203,WGN,08/06/19,elodea,60.514908,-145.572265,producer,Plantae,Magnoliophyta,Najadales,Potamogetonaceae,Potamogeton,grannuli,1,whole.indiv,,,,,
0204,WGN,08/06/19,elodea,60.514908,-145.572265,producer,Plantae,Magnoliophyta,Najadales,Potamogetonaceae,Potamogeton,grannuli,1,whole.indiv,,,,,
0205,WGN,08/06/19,elodea,60.514908,-145.572265,producer,Plantae,Magnoliophyta,Najadales,Potamogetonaceae,Potamogeton,grannuli,1,whole.indiv,,,,,
0206,WGN,08/06/19,elodea,60.514908,-145.572265,producer,Plantae,Charophyta,Charales,Characeae,Chara,N/A,1,whole.indiv,,,,,
0207,WGN,08/06/19,elodea,60.514908,-145.572265,producer,Plantae,Charophyta,Charales,Characeae,Chara,N/A,1,whole.indiv,,,,,
0208,WGN,08/06/19,elodea,60.514908,-145.572265,producer,Plantae,Charophyta,Charales,Characeae,Chara,N/A,1,whole.indiv,,,,,
0209,WGN,08/06/19,elodea,60.514908,-145.572265,producer,Plantae,Magnoliophyta,Rosales,Rosaceae,Comarum,palustris,1,leaf,,,,,
0210,WGN,08/06/19,elodea,60.514908,-145.572265,producer,Plantae,Magnoliophyta,Rosales,Rosaceae,Comarum,palustris,1,leaf,,,,,
0211,WGN,08/06/19,elodea,60.514908,-145.572265,producer,Plantae,Magnoliophyta,Rosales,Rosaceae,Comarum,palustris,1,leaf,,,,,
0212,WGN,08/06/19,elodea,60.514908,-145.572265,producer,Plantae,Magnoliophyta,Typhales,Sparganiaceae,Sparganium,augustifolium,1,leaf,,,,,
0213,WGN,08/06/19,elodea,60.514908,-145.572265,producer,Plantae,Magnoliophyta,Typhales,Sparganiaceae,Sparganium,augustifolium,1,leaf,,,,,
0214,WGN,08/06/19,elodea,60.514908,-145.572265,producer,Plantae,Magnoliophyta,Typhales,Sparganiaceae,Sparganium,augustifolium,1,leaf,,,,,
0215,STB,08/05/19,native,60.515863,-145.577063,producer,Plantae,Magnoliophyta,Rosales,Rosaceae,Comarum,palustris,1,leaf,,,,,
0216,STB,08/05/19,native,60.515863,-145.577063,producer,Plantae,Magnoliophyta,Rosales,Rosaceae,Comarum,palustris,1,leaf,,,,,
0217,STB,08/05/19,native,60.515863,-145.577063,producer,Plantae,Magnoliophyta,Rosales,Rosaceae,Comarum,palustris,1,leaf,,,,,
0218,STB,08/05/19,native,60.515863,-145.577063,producer,Plantae,Magnoliophyta,Najadales,Potamogetonaceae,Potamogeton,natans,1,leaf,,,,,
0219,STB,08/05/19,native,60.515863,-145.577063,producer,Plantae,Magnoliophyta,Najadales,Potamogetonaceae,Potamogeton,natans,1,leaf,,,,,
0220,STB,08/05/19,native,60.515863,-145.577063,producer,Plantae,Magnoliophyta,Najadales,Potamogetonaceae,Potamogeton,natans,1,leaf,,,,,
0221,STB,08/05/19,native,60.515863,-145.577063,producer,Plantae,Magnoliophyta,Nymphaeales,Nymphaeaceae,Nuphar,polysepalum,1,leaf,,,,,
0222,STB,08/05/19,native,60.515863,-145.577063,producer,Plantae,Magnoliophyta,Nymphaeales,Nymphaeaceae,Nuphar,polysepalum,1,leaf,,,,,
0223,STB,08/05/19,native,60.515863,-145.577063,producer,Plantae,Magnoliophyta,Nymphaeales,Nymphaeaceae,Nuphar,polysepalum,1,leaf,,,,,
0224,STB,08/05/19,native,60.515863,-145.577063,producer,Plantae,Magnoliophyta,Myricales,Myricaceae,Myrica,gale,1,leaf,,,,,
0225,STB,08/05/19,native,60.515863,-145.577063,producer,Plantae,Magnoliophyta,Myricales,Myricaceae,Myrica,gale,1,leaf,,,,,
0226,STB,08/05/19,native,60.515863,-145.577063,producer,Plantae,Magnoliophyta,Myricales,Myricaceae,Myrica,gale,1,leaf,,,,,
0227,STB,08/05/19,native,60.515863,-145.577063,producer,Plantae,Magnoliophyta,Cyperales,Cyperaceae,Eriophorum,N/A,1,stem,,,,,
0228,STB,08/05/19,native,60.515863,-145.577063,producer,Plantae,Magnoliophyta,Cyperales,Cyperaceae,Eriophorum,N/A,1,stem,,,,,
0229,STB,08/05/19,native,60.515863,-145.577063,producer,Plantae,Magnoliophyta,Cyperales,Cyperaceae,Eriophorum,N/A,1,stem,,,,,
0230,STB,08/05/19,native,60.515863,-145.577063,producer,Plantae,Magnoliophyta,Salicales,Salicaceae,Salix,N/A,1,leaf,,,,,
0231,STB,08/05/19,native,60.515863,-145.577063,producer,Plantae,Magnoliophyta,Salicales,Salicaceae,Salix,N/A,1,leaf,,,,,
0232,STB,08/05/19,native,60.515863,-145.577063,producer,Plantae,Magnoliophyta,Salicales,Salicaceae,Salix,N/A,1,leaf,,,,,
0233,STB,08/05/19,native,60.515863,-145.577063,producer,Plantae,Magnoliophyta,Scrophulariales,Lentibulariaceae,Utricularia ,vulgaris,1,whole.indiv,,,,,
0234,STB,08/05/19,native,60.515863,-145.577063,producer,Plantae,Magnoliophyta,Scrophulariales,Lentibulariaceae,Utricularia ,vulgaris,1,whole.indiv,,,,,
0235,STB,08/05/19,native,60.515863,-145.577063,producer,Plantae,Magnoliophyta,Scrophulariales,Lentibulariaceae,Utricularia ,vulgaris,1,whole.indiv,,,,,
0236,STB,08/05/19,native,60.515863,-145.577063,producer,Plantae,Magnoliophyta,Cyperales,Cyperaceae,N/A,N/A,1,leaf,,,,,
0237,STB,08/05/19,native,60.515863,-145.577063,producer,Plantae,Magnoliophyta,Cyperales,Cyperaceae,N/A,N/A,1,leaf,,,,,
0238,STB,08/05/19,native,60.515863,-145.577063,producer,Plantae,Magnoliophyta,Cyperales,Cyperaceae,N/A,N/A,1,leaf,,,,,
0239,STB,08/05/19,native,60.515863,-145.577063,producer,Plantae,Magnoliophyta,Solanales,Menyanthaceae,Menyanthes,trifoliata,1,leaf,,,,,
0240,STB,08/05/19,native,60.515863,-145.577063,producer,Plantae,Magnoliophyta,Solanales,Menyanthaceae,Menyanthes,trifoliata,1,leaf,,,,,
0241,STB,08/05/19,native,60.515863,-145.577063,producer,Plantae,Magnoliophyta,Solanales,Menyanthaceae,Menyanthes,trifoliata,1,leaf,,,,,
0242,PCH,08/08/19,native,60.440322,-145.313054,producer,Plantae,Magnoliophyta,Solanales,Menyanthaceae,Menyanthes,trifoliata,1,leaf,,,,,
0243,PCH,08/08/19,native,60.440322,-145.313054,producer,Plantae,Magnoliophyta,Solanales,Menyanthaceae,Menyanthes,trifoliata,1,leaf,,,,,
0244,PCH,08/08/19,native,60.440322,-145.313054,producer,Plantae,Magnoliophyta,Solanales,Menyanthaceae,Menyanthes,trifoliata,1,leaf,,,,,
0245,PCH,08/08/19,native,60.440322,-145.313054,producer,Plantae,Magnoliophyta,Rosales,Rosaceae,Comarum,palustris,1,leaf,,,,,
0246,PCH,08/08/19,native,60.440322,-145.313054,producer,Plantae,Magnoliophyta,Rosales,Rosaceae,Comarum,palustris,1,leaf,,,,,
0247,PCH,08/08/19,native,60.440322,-145.313054,producer,Plantae,Magnoliophyta,Rosales,Rosaceae,Comarum,palustris,1,leaf,,,,,
0248,PCH,08/08/19,native,60.440322,-145.313054,producer,Plantae,Magnoliophyta,Cyperales,Cyperaceae,Eriophorum,N/A,1,leaf,,,,,
0249,PCH,08/08/19,native,60.440322,-145.313054,producer,Plantae,Magnoliophyta,Cyperales,Cyperaceae,Eriophorum,N/A,1,leaf,,,,,
0250,PCH,08/08/19,native,60.440322,-145.313054,producer,Plantae,Magnoliophyta,Cyperales,Cyperaceae,Eriophorum,N/A,1,leaf,,,,,
0251,PCH,08/08/19,native,60.440322,-145.313054,producer,Plantae,Equisetophyta,Equisetales,Equisetaceae,Equisetum,N/A,1,leaf,,,,,
0252,PCH,08/08/19,native,60.440322,-145.313054,producer,Plantae,Equisetophyta,Equisetales,Equisetaceae,Equisetum,N/A,1,leaf,,,,,
0253,PCH,08/08/19,native,60.440322,-145.313054,producer,Plantae,Equisetophyta,Equisetales,Equisetaceae,Equisetum,N/A,1,leaf,,,,,
0254,PCH,08/08/19,native,60.440322,-145.313054,producer,Plantae,Magnoliophyta,Nymphaeales,Nymphaeaceae,Nuphar,polysepalum,1,leaf,,,,,
0255,PCH,08/08/19,native,60.440322,-145.313054,producer,Plantae,Magnoliophyta,Nymphaeales,Nymphaeaceae,Nuphar,polysepalum,1,leaf,,,,,
0256,PCH,08/08/19,native,60.440322,-145.313054,producer,Plantae,Magnoliophyta,Nymphaeales,Nymphaeaceae,Nuphar,polysepalum,1,leaf,,,,,
0257,PCH,08/08/19,native,60.440322,-145.313054,producer,Plantae,Magnoliophyta,Scrophulariales,Lentibulariaceae,Utricularia ,vulgaris,1,whole.indiv,,,,,
0258,PCH,08/08/19,native,60.440322,-145.313054,producer,Plantae,Magnoliophyta,Scrophulariales,Lentibulariaceae,Utricularia ,vulgaris,1,whole.indiv,,,,,
0259,PCH,08/08/19,native,60.440322,-145.313054,producer,Plantae,Magnoliophyta,Scrophulariales,Lentibulariaceae,Utricularia ,vulgaris,1,whole.indiv,,,,,
0260,PCH,08/08/19,native,60.440322,-145.313054,producer,Plantae,Magnoliophyta,Cyperales,Cyperaceae,N/A,N/A,1,leaf,,,,,
0261,PCH,08/08/19,native,60.440322,-145.313054,producer,Plantae,Magnoliophyta,Cyperales,Cyperaceae,N/A,N/A,1,leaf,,,,,
0262,PCH,08/08/19,native,60.440322,-145.313054,producer,Plantae,Magnoliophyta,Cyperales,Cyperaceae,N/A,N/A,1,leaf,,,,,
0263,PCH,08/08/19,native,60.440322,-145.313054,producer,Plantae,Sphagnales,Sphagnaceae,Sphagnum,N/A,N/A,1,whole.indiv,,,,,
0264,PCH,08/08/19,native,60.440322,-145.313054,producer,Plantae,Sphagnales,Sphagnaceae,Sphagnum,N/A,N/A,1,whole.indiv,,,,,
0265,PCH,08/08/19,native,60.440322,-145.313054,producer,Plantae,Sphagnales,Sphagnaceae,Sphagnum,N/A,N/A,1,whole.indiv,,,,,
0266,PCH,08/08/19,native,60.440322,-145.313054,producer,Plantae,Magnoliophyta,Halorgales,Haloragaceae,Myriophyllum,sibiricum,1,whole.indiv,,,,,
0267,PCH,08/08/19,native,60.440322,-145.313054,producer,Plantae,Magnoliophyta,Halorgales,Haloragaceae,Myriophyllum,sibiricum,1,whole.indiv,,,,,
0268,PCH,08/08/19,native,60.440322,-145.313054,producer,Plantae,Magnoliophyta,Halorgales,Haloragaceae,Myriophyllum,sibiricum,1,whole.indiv,,,,,
0269,WGN,08/06/19,elodea,60.514908,-145.572265,producer,Plantae,Magnoliophyta,Fagales,Betulaceae,Alnus,rubra,1,leaf,,,,,
0270,WGN,08/06/19,elodea,60.514908,-145.572265,producer,Plantae,Magnoliophyta,Fagales,Betulaceae,Alnus,rubra,1,leaf,,,,,
0271,WGN,08/06/19,elodea,60.514908,-145.572265,producer,Plantae,Magnoliophyta,Fagales,Betulaceae,Alnus,rubra,1,leaf,,,,,
0272,SWN,08/07/19,elodea,60.432306,-145.300406,producer,Plantae,Magnoliophyta,Solanales,Menyanthaceae,Menyanthes,trifoliata,1,leaf,,,,,
0273,SWN,08/07/19,elodea,60.432306,-145.300406,producer,Plantae,Magnoliophyta,Solanales,Menyanthaceae,Menyanthes,trifoliata,1,leaf,,,,,
0274,SWN,08/07/19,elodea,60.432306,-145.300406,producer,Plantae,Magnoliophyta,Solanales,Menyanthaceae,Menyanthes,trifoliata,1,leaf,,,,,
0275,SWN,08/07/19,elodea,60.432306,-145.300406,producer,Plantae,Magnoliophyta,Najadales,Potamogetonaceae,Potamogeton,grannuli,1,whole.indiv,,,,,
0276,SWN,08/07/19,elodea,60.432306,-145.300406,producer,Plantae,Magnoliophyta,Najadales,Potamogetonaceae,Potamogeton,grannuli,1,whole.indiv,,,,,
0277,SWN,08/07/19,elodea,60.432306,-145.300406,producer,Plantae,Magnoliophyta,Najadales,Potamogetonaceae,Potamogeton,grannuli,1,whole.indiv,,,,,
0278,SWN,08/07/19,elodea,60.432306,-145.300406,producer,Plantae,Magnoliophyta,Hydrocharitales,Hydrocharitaceae,Elodea,canadensis,1,whole.indiv,,,,,
0279,SWN,08/07/19,elodea,60.432306,-145.300406,producer,Plantae,Magnoliophyta,Hydrocharitales,Hydrocharitaceae,Elodea,canadensis,1,whole.indiv,,,,,
0280,SWN,08/07/19,elodea,60.432306,-145.300406,producer,Plantae,Magnoliophyta,Hydrocharitales,Hydrocharitaceae,Elodea,canadensis,1,whole.indiv,,,,,
0281,SWN,08/07/19,elodea,60.432306,-145.300406,producer,Plantae,Magnoliophyta,Myricales,Myricaceae,Myrica,gale,1,leaf,,,,,
0282,SWN,08/07/19,elodea,60.432306,-145.300406,producer,Plantae,Magnoliophyta,Myricales,Myricaceae,Myrica,gale,1,leaf,,,,,
0283,SWN,08/07/19,elodea,60.432306,-145.300406,producer,Plantae,Magnoliophyta,Myricales,Myricaceae,Myrica,gale,1,leaf,,,,,
0284,SWN,08/07/19,elodea,60.432306,-145.300406,producer,Plantae,Sphagnales,Sphagnaceae,Sphagnum,N/A,N/A,1,whole.indiv,,,,,
0285,SWN,08/07/19,elodea,60.432306,-145.300406,producer,Plantae,Sphagnales,Sphagnaceae,Sphagnum,N/A,N/A,1,whole.indiv,,,,,
0286,SWN,08/07/19,elodea,60.432306,-145.300406,producer,Plantae,Sphagnales,Sphagnaceae,Sphagnum,N/A,N/A,1,whole.indiv,,,,,
0287,SWN,08/07/19,elodea,60.432306,-145.300406,producer,Plantae,Magnoliophyta,Najadales,Potamogetonaceae,Potamogeton,grannuli,1,whole.indiv,,,,,
0288,SWN,08/07/19,elodea,60.432306,-145.300406,producer,Plantae,Magnoliophyta,Najadales,Potamogetonaceae,Potamogeton,grannuli,1,whole.indiv,,,,,
0289,SWN,08/07/19,elodea,60.432306,-145.300406,producer,Plantae,Magnoliophyta,Najadales,Potamogetonaceae,Potamogeton,grannuli,1,whole.indiv,,,,,
0290,SWN,08/07/19,elodea,60.432306,-145.300406,producer,Plantae,Magnoliophyta,Callitrichales,Hippuridaceae,Hippuris,vulgaris,1,whole.indiv,,,,,
0291,SWN,08/07/19,elodea,60.432306,-145.300406,producer,Plantae,Magnoliophyta,Callitrichales,Hippuridaceae,Hippuris,vulgaris,1,whole.indiv,,,,,
0292,SWN,08/07/19,elodea,60.432306,-145.300406,producer,Plantae,Magnoliophyta,Callitrichales,Hippuridaceae,Hippuris,vulgaris,1,whole.indiv,,,,,
0293,SWN,08/07/19,elodea,60.432306,-145.300406,producer,Plantae,Equisetophyta,Equisetales,Equisetaceae,Equisetum,NA,1,whole.indiv,,,,,
0294,SWN,08/07/19,elodea,60.432306,-145.300406,producer,Plantae,Equisetophyta,Equisetales,Equisetaceae,Equisetum,NA,1,whole.indiv,,,,,
0295,SWN,08/07/19,elodea,60.432306,-145.300406,producer,Plantae,Equisetophyta,Equisetales,Equisetaceae,Equisetum,NA,1,whole.indiv,,,,,
0296,SWN,08/07/19,elodea,60.432306,-145.300406,producer,Plantae,Magnoliophyta,Rosales,Rosaceae,Comarum,palustris,1,leaf,,,,,
0297,SWN,08/07/19,elodea,60.432306,-145.300406,producer,Plantae,Magnoliophyta,Rosales,Rosaceae,Comarum,palustris,1,leaf,,,,,
0298,SWN,08/07/19,elodea,60.432306,-145.300406,producer,Plantae,Magnoliophyta,Rosales,Rosaceae,Comarum,palustris,1,leaf,,,,,
0299,SWN,08/07/19,elodea,60.432306,-145.300406,producer,Plantae,Magnoliophyta,Nymphaeales,Nymphaeaceae,Nuphar,polysepalum,1,leaf,,,,,
0300,SWN,08/07/19,elodea,60.432306,-145.300406,producer,Plantae,Magnoliophyta,Nymphaeales,Nymphaeaceae,Nuphar,polysepalum,1,leaf,,,,,
0301,SWN,08/07/19,elodea,60.432306,-145.300406,producer,Plantae,Magnoliophyta,Nymphaeales,Nymphaeaceae,Nuphar,polysepalum,1,leaf,,,,,
0302,SWN,08/07/19,elodea,60.432306,-145.300406,producer,Plantae,Magnoliophyta,Salicales,Salicaceae,Salix,NA,1,leaf,,,,,
0303,SWN,08/07/19,elodea,60.432306,-145.300406,producer,Plantae,Magnoliophyta,Salicales,Salicaceae,Salix,NA,1,leaf,,,,,
0304,SWN,08/07/19,elodea,60.432306,-145.300406,producer,Plantae,Magnoliophyta,Salicales,Salicaceae,Salix,NA,1,leaf,,,,,
0305,SWN,08/07/19,elodea,60.432306,-145.300406,producer,Plantae,Magnoliophyta,Cyperales,Poaceae,NA,NA,1,stem,,,,,not heads
0306,SWN,08/07/19,elodea,60.432306,-145.300406,producer,Plantae,Magnoliophyta,Cyperales,Poaceae,NA,NA,1,stem,,,,,not heads
0307,SWN,08/07/19,elodea,60.432306,-145.300406,producer,Plantae,Magnoliophyta,Cyperales,Poaceae,NA,NA,1,stem,,,,,not heads
0308,SWN,08/07/19,elodea,60.432306,-145.300406,producer,Plantae,Magnoliophyta,Halorgales,Haloragaceae,Myriophyllum,sibiricum,1,whole.indiv,,,,,
0309,SWN,08/07/19,elodea,60.432306,-145.300406,producer,Plantae,Magnoliophyta,Halorgales,Haloragaceae,Myriophyllum,sibiricum,1,whole.indiv,,,,,
0310,SWN,08/07/19,elodea,60.432306,-145.300406,producer,Plantae,Magnoliophyta,Halorgales,Haloragaceae,Myriophyllum,sibiricum,1,whole.indiv,,,,,
0311,EYS,08/13/19,native,60.477,-145.683,predator,Animalia,Arthropoda,Anisoptera,N/A,N/A,N/A,,,14,,,,
0312,EYS,08/13/19,native,60.477,-145.683,predator,Animalia,Arthropoda,Anisoptera,N/A,N/A,N/A,,,16,,,,
0313,EYS,08/13/19,native,60.477,-145.683,predator,Animalia,Arthropoda,Anisoptera,N/A,N/A,N/A,,,17,,,,
0314,EYS,08/13/19,native,60.477,-145.683,predator,Animalia,Arthropoda,Anisoptera,N/A,N/A,N/A,,,15,,,,
0315,EYS,08/13/19,native,60.477,-145.683,predator,Animalia,Arthropoda,Anisoptera,N/A,N/A,N/A,,,11,,,,
0316,EYS,08/13/19,native,60.477,-145.683,predator,Animalia,Arthropoda,Anisoptera,N/A,N/A,N/A,,,11,,,,
0317,EYS,08/13/19,native,60.477,-145.683,predator,Animalia,Arthropoda,Anisoptera,N/A,N/A,N/A,,,12,,,,
0318,EYS,08/13/19,native,60.477,-145.683,predator,Animalia,Arthropoda,Anisoptera,N/A,N/A,N/A,,,15,,,,
0319,EYS,08/13/19,native,60.477,-145.683,predator,Animalia,Arthropoda,Anisoptera,N/A,N/A,N/A,,,11,,,,
0320,EYS,08/13/19,native,60.477,-145.683,predator,Animalia,Arthropoda,Anisoptera,N/A,N/A,N/A,,,7,,,,
0321,EYS,08/13/19,native,60.477,-145.683,predator,Animalia,Arthropoda,Anisoptera,N/A,N/A,N/A,4,multi.indiv,,,,,"(4 heads and thorax, 3 abdomens)"
0322,WCW,08/14/2019,elodea,60.493083,-145.674758,predator,Animalia,Arthropoda,Anisoptera,N/A,N/A,N/A,,,19,,,,
0323,WCW,08/14/2019,elodea,60.493083,-145.674758,predator,Animalia,Arthropoda,Anisoptera,N/A,N/A,N/A,,,15,,,,
0324,WCW,08/14/2019,elodea,60.493083,-145.674758,predator,Animalia,Arthropoda,Anisoptera,N/A,N/A,N/A,,,16,,,,
0325,WCW,08/14/2019,elodea,60.493083,-145.674758,predator,Animalia,Arthropoda,Anisoptera,N/A,N/A,N/A,,,10,,,,
0326,WCW,08/14/2019,elodea,60.493083,-145.674758,predator,Animalia,Arthropoda,Anisoptera,N/A,N/A,N/A,,,11,,,,
0327,WCW,08/14/2019,elodea,60.493083,-145.674758,predator,Animalia,Arthropoda,Anisoptera,N/A,N/A,N/A,,,9,,,,
0328,STB,08/05/19,native,60.515863,-145.577063,predator,Animalia,Arthropoda,Anisoptera,N/A,N/A,N/A,,,25,,,,
0329,STB,08/05/19,native,60.515863,-145.577063,predator,Animalia,Arthropoda,Anisoptera,N/A,N/A,N/A,,,19,,,,
0330,STB,08/05/19,native,60.515863,-145.577063,predator,Animalia,Arthropoda,Anisoptera,N/A,N/A,N/A,,,27,,,,
0331,STB,08/05/19,native,60.515863,-145.577063,predator,Animalia,Arthropoda,Anisoptera,N/A,N/A,N/A,3,multi.indiv,7,,,,
0332,WGN,08/06/19,elodea,60.514908,-145.572265,predator,Animalia,Arthropoda,Anisoptera,N/A,N/A,N/A,,,33,,,,
0333,WGN,08/06/19,elodea,60.514908,-145.572265,predator,Animalia,Arthropoda,Anisoptera,N/A,N/A,N/A,,,23,,,,
0334,WGN,08/06/19,elodea,60.514908,-145.572265,predator,Animalia,Arthropoda,Anisoptera,N/A,N/A,N/A,,,15,,,,
0335,WGN,08/06/19,elodea,60.514908,-145.572265,predator,Animalia,Arthropoda,Anisoptera,N/A,N/A,N/A,,,10,,,,
0336,WGN,08/06/19,elodea,60.514908,-145.572265,predator,Animalia,Arthropoda,Anisoptera,N/A,N/A,N/A,,,33,,,,
0337,PCH,08/08/19,native,60.440322,-145.313054,predator,Animalia,Arthropoda,Anisoptera,N/A,N/A,N/A,3,multi.indiv,8,,,,
0338,PCH,08/08/19,native,60.440322,-145.313054,predator,Animalia,Arthropoda,Anisoptera,N/A,N/A,N/A,,,15,,,,
0339,PCH,08/08/19,native,60.440322,-145.313054,predator,Animalia,Arthropoda,Anisoptera,N/A,N/A,N/A,,,32,,,,
0340,PCH,08/08/19,native,60.440322,-145.313054,predator,Animalia,Arthropoda,Anisoptera,N/A,N/A,N/A,,,25,,,,
0341,SWN,08/07/19,elodea,60.432306,-145.300406,predator,Animalia,Arthropoda,Anisoptera,N/A,N/A,N/A,,,9,,,,
0342,SWN,08/07/19,elodea,60.432306,-145.300406,predator,Animalia,Arthropoda,Anisoptera,N/A,N/A,N/A,,,22,,,,
0343,SWN,08/07/19,elodea,60.432306,-145.300406,predator,Animalia,Arthropoda,Anisoptera,N/A,N/A,N/A,,,25,,,,
0344,SWN,08/07/19,elodea,60.432306,-145.300406,predator,Animalia,Arthropoda,Anisoptera,N/A,N/A,N/A,,,15,,,,
0345,SWN,08/07/19,elodea,60.432306,-145.300406,predator,Animalia,Arthropoda,Anisoptera,N/A,N/A,N/A,,,10,,,,
0346,SWN,08/07/19,elodea,60.432306,-145.300406,predator,Animalia,Arthropoda,Anisoptera,N/A,N/A,N/A,,,9,,,,
0347,SWN,08/07/19,elodea,60.432306,-145.300406,predator,Animalia,Arthropoda,Anisoptera,N/A,N/A,N/A,,,6,,,,
0348,SWN,08/07/19,elodea,60.432306,-145.300406,parasite,Animalia,Annelida,Hirudinea,N/A,N/A,N/A,,,,,,,fish leech with blood goop
0349,SWN,08/07/19,elodea,60.432306,-145.300406,parasite,Animalia,Annelida,Hirudinea,N/A,N/A,N/A,,,,,,,
0350,SWN,08/07/19,elodea,60.432306,-145.300406,parasite,Animalia,Annelida,Hirudinea,N/A,N/A,N/A,,,,,,,
0351,SWN,08/07/19,elodea,60.432306,-145.300406,parasite,Animalia,Annelida,Hirudinea,N/A,N/A,N/A,,,,,,,
0352,WGN,08/06/19,elodea,60.514908,-145.572265,parasite,Animalia,Annelida,Hirudinea,N/A,N/A,N/A,,,,,,,"found day after on kayak, still alive"
0353,WGN,08/06/19,elodea,60.514908,-145.572265,parasite,Animalia,Annelida,Hirudinea,N/A,N/A,N/A,,,,,,,
0354,STB,08/05/19,native,60.515863,-145.577063,parasite,Animalia,Annelida,Hirudinea,N/A,N/A,N/A,,,,,,,
0355,WCW,08/14/19,elodea,60.493083,-145.674758,parasite,Animalia,Annelida,Hirudinea,N/A,N/A,N/A,,,,,,,
0356,WCW,08/14/19,elodea,60.493083,-145.674758,parasite,Animalia,Annelida,Hirudinea,N/A,N/A,N/A,,,,,,,
0357,WCW,08/14/19,elodea,60.493083,-145.674758,parasite,Animalia,Annelida,Hirudinea,N/A,N/A,N/A,,,,,,,
0358,WCW,08/14/19,elodea,60.493083,-145.674758,parasite,Animalia,Annelida,Hirudinea,N/A,N/A,N/A,,,,,,,
0359,WCW,08/14/19,elodea,60.493083,-145.674758,parasite,Animalia,Annelida,Hirudinea,N/A,N/A,N/A,,,,,,,
0360,EYS,08/13/19,native,60.477,-145.683,predator,Animalia,Arthropoda,Zygoptera,N/A,N/A,N/A,2,multi.indiv,26,,,,
0361,EYS,08/13/19,native,60.477,-145.683,predator,Animalia,Arthropoda,Zygoptera,N/A,N/A,N/A,,,23,,,,
0362,EYS,08/13/19,native,60.477,-145.683,predator,Animalia,Arthropoda,Zygoptera,N/A,N/A,N/A,,,21,,,,
0363,EYS,08/13/19,native,60.477,-145.683,predator,Animalia,Arthropoda,Zygoptera,N/A,N/A,N/A,,,23,,,,
0365,EYS,08/13/19,native,60.477,-145.683,predator,Animalia,Arthropoda,Zygoptera,N/A,N/A,N/A,,,22,,,,
0366,PCH,08/08/19,native,60.440322,-145.313054,predator,Animalia,Arthropoda,Zygoptera,N/A,N/A,N/A,,,20,,,,
0367,PCH,08/08/19,native,60.440322,-145.313054,predator,Animalia,Arthropoda,Zygoptera,N/A,N/A,N/A,,,13,,,,
0368,STB,08/15/19,native,60.515863,-145.577063,predator,Animalia,Arthropoda,Zygoptera,N/A,N/A,N/A,2,multi.indiv,10,,,,
0369,STB,08/15/19,native,60.515863,-145.577063,predator,Animalia,Arthropoda,Zygoptera,N/A,N/A,N/A,2,multi.indiv,6,,,,
0370,STB,08/15/19,native,60.515863,-145.577063,predator,Animalia,Arthropoda,Zygoptera,N/A,N/A,N/A,,,26,,,,
0371,STB,08/15/19,native,60.515863,-145.577063,predator,Animalia,Arthropoda,Zygoptera,N/A,N/A,N/A,,,21,,,,
0372,STB,08/15/19,native,60.515863,-145.577063,predator,Animalia,Arthropoda,Zygoptera,N/A,N/A,N/A,,,24,,,,
0373,WGN,08/06/19,elodea,60.514908,-145.572265,predator,Animalia,Arthropoda,Zygoptera,N/A,N/A,N/A,,,22,,,,
0374,WGN,08/06/19,elodea,60.514908,-145.572265,predator,Animalia,Arthropoda,Zygoptera,N/A,N/A,N/A,,,22,,,,
0375,WGN,08/06/19,elodea,60.514908,-145.572265,predator,Animalia,Arthropoda,Zygoptera,N/A,N/A,N/A,2,multi.indiv,10,,,,
0376,WGN,08/06/19,elodea,60.514908,-145.572265,predator,Animalia,Arthropoda,Zygoptera,N/A,N/A,N/A,,,22,,,,
0377,WCW,08/14/19,elodea,60.493083,-145.674758,predator,Animalia,Arthropoda,Zygoptera,N/A,N/A,N/A,3,multi.indiv,7,,,,
0378,WCW,08/14/19,elodea,60.493083,-145.674758,predator,Animalia,Arthropoda,Zygoptera,N/A,N/A,N/A,2,multi.indiv,11,,,,
0379,WCW,08/14/19,elodea,60.493083,-145.674758,predator,Animalia,Arthropoda,Zygoptera,N/A,N/A,N/A,2,multi.indiv,15,,,,
0380,WCW,08/14/19,elodea,60.493083,-145.674758,predator,Animalia,Arthropoda,Zygoptera,N/A,N/A,N/A,2,multi.indiv,21,,,,
0381,WCW,08/14/19,elodea,60.493083,-145.674758,predator,Animalia,Arthropoda,Zygoptera,N/A,N/A,N/A,,,22,,,,
0382,SWN,08/07/19,elodea,60.432306,-145.300406,predator,Animalia,Arthropoda,Coleoptera,Dytiscidae,N/A,N/A,,,14,,,,
0383,SWN,08/07/19,elodea,60.432306,-145.300406,predator,Animalia,Arthropoda,Coleoptera,Dytiscidae,N/A,N/A,,,12,,,,
0384,SWN,08/07/19,elodea,60.432306,-145.300406,predator,Animalia,Arthropoda,Coleoptera,Dytiscidae,N/A,N/A,,,9,,,,
0385,SWN,08/07/19,elodea,60.432306,-145.300406,predator,Animalia,Arthropoda,Coleoptera,Dytiscidae,N/A,N/A,,,9,,,,
0386,SWN,08/07/19,elodea,60.432306,-145.300406,detritivore,Animalia,Arthropoda,Coleoptera,Gyrinidae,N/A,N/A,,,7,,,,
0387,SWN,08/07/19,elodea,60.432306,-145.300406,herbivore,Animalia,Arthropoda,Coleoptera,Haliplidae,N/A,N/A,2,multi.indiv,5,,,,
0388,PCH,08/08/19,native,60.440322,-145.313054,predator,Animalia,Arthropoda,Coleoptera,Dytiscidae,N/A,N/A,3,multi.indiv,9,,,,
0389,PCH,08/08/19,native,60.440322,-145.313054,detritivore,Animalia,Arthropoda,Diptera,Dixidae,N/A,N/A,,,6,,,,
0390,PCH,08/08/19,native,60.440322,-145.313054,predator,Animalia,Arthropoda,Coleoptera,Dytiscidae,N/A,N/A,3,multi.indiv,5,,,,
0391,PCH,08/08/19,native,60.440322,-145.313054,predator,Animalia,Arthropoda,Coleoptera,Dytiscidae,N/A,N/A,3,multi.indiv,5,,,,
0392,PCH,08/08/19,native,60.440322,-145.313054,predator,Animalia,Arthropoda,Coleoptera,Dytiscidae,N/A,N/A,,,8,,,,
0393,PCH,08/08/19,native,60.440322,-145.313054,predator,Animalia,Arthropoda,Coleoptera,Dytiscidae,N/A,N/A,,,8,,,,
0394,EYS,08/13/19,native,60.477,-145.683,predator,Animalia,Arthropoda,Coleoptera,Dytiscidae,N/A,N/A,,,9,,,,
0395,EYS,08/13/19,native,60.477,-145.683,predator,Animalia,Arthropoda,Coleoptera,Dytiscidae,N/A,N/A,,,9,,,,
0396,WGN,08/06/19,elodea,60.514908,-145.572265,predator,Animalia,Arthropoda,Coleoptera,Dytiscidae,N/A,N/A,2,multi.indiv,7,,,,
0397,WGN,08/06/19,elodea,60.514908,-145.572265,herbivore,Animalia,Arthropoda,Coleoptera,Haliplidae,N/A,N/A,3,multi.indiv,,,,,
0398,WGN,08/06/19,elodea,60.514908,-145.572265,herbivore,Animalia,Arthropoda,Coleoptera,Haliplidae,N/A,N/A,3,multi.indiv,,,,,
0399,WGN,08/06/19,elodea,60.514908,-145.572265,herbivore,Animalia,Arthropoda,Coleoptera,Haliplidae,N/A,N/A,3,multi.indiv,,,,,
0400,WGN,08/06/19,elodea,60.514908,-145.572265,herbivore,Animalia,Arthropoda,Coleoptera,Haliplidae,N/A,N/A,2,multi.indiv,,,,,
0401,WGN,08/06/19,elodea,60.514908,-145.572265,detritivore,Animalia,Arthropoda,Diptera,Dixidae,N/A,N/A,2,multi.indiv,,,,,
0402,STB,08/05/19,native,60.515863,-145.577063,detritivore,Animalia,Arthropoda,Amphipoda,N/A,N/A,N/A,4,multi.indiv,,,,,
0403,WGN,08/06/19,elodea,60.514908,-145.572265,detritivore,Animalia,Arthropoda,Amphipoda,N/A,N/A,N/A,2,multi.indiv,,,,,
0404,PCH,08/08/19,native,60.440322,-145.313054,detritivore,Animalia,Arthropoda,Amphipoda,N/A,N/A,N/A,3,multi.indiv,,,,,Rep 1
0405,PCH,08/08/19,native,60.440322,-145.313054,detritivore,Animalia,Arthropoda,Amphipoda,N/A,N/A,N/A,3,multi.indiv,,,,,Rep 2
0406,SWN,08/07/19,elodea,60.432306,-145.300406,detritivore,Animalia,Arthropoda,Amphipoda,N/A,N/A,N/A,10,multi.indiv,,,,,Rep 1
0407,SWN,08/07/19,elodea,60.432306,-145.300406,detritivore,Animalia,Arthropoda,Amphipoda,N/A,N/A,N/A,5,multi.indiv,,,,,Rep 2
0408,SWN,08/07/19,elodea,60.432306,-145.300406,detritivore,Animalia,Arthropoda,Amphipoda,N/A,N/A,N/A,5,multi.indiv,,,,,Rep 3
0409,SWN,08/07/19,elodea,60.432306,-145.300406,detritivore,Animalia,Arthropoda,Amphipoda,N/A,N/A,N/A,6,multi.indiv,,,,,Rep 4
0410,SWN,08/07/19,elodea,60.432306,-145.300406,detritivore,Animalia,Arthropoda,Amphipoda,N/A,N/A,N/A,6,multi.indiv,,,,,Rep 5
0411,SWN,08/07/19,elodea,60.432306,-145.300406,predator,Animalia,Arthropod,Araneae,N/A,N/A,N/A,,,3,,,,
0412,SWN,08/07/19,elodea,60.432306,-145.300406,predator,Animalia,Arthropod,Araneae,N/A,N/A,N/A,2,multi.indiv,2,,,,
0413,SWN,08/07/19,elodea,60.432306,-145.300406,predator,Animalia,Arthropod,Araneae,N/A,N/A,N/A,2,multi.indiv,1,,,,
0414,EYS,08/13/19,native,60.477,-145.683,detritivore,Animalia,Arthropoda,Acari,N/A,N/A,N/A,6,multi.indiv,1,,,,Brown and light brown in color
0415,EYS,08/14/19,native,60.477,-145.683,detritivore,Animalia,Arthropoda,Acari,N/A,N/A,N/A,8,multi.indiv,1,,,,Brown and light brown in color
0416,EYS,08/15/19,native,60.477,-145.683,detritivore,Animalia,Arthropoda,Acari,N/A,N/A,N/A,4,multi.indiv,2,,,,Red in color
0417,EYS,08/16/19,native,60.477,-145.683,detritivore,Animalia,Arthropoda,Acari,N/A,N/A,N/A,4,multi.indiv,2,,,,Red in color
0418,SWN,08/07/19,elodea,60.432306,-145.300406,detritivore,Animalia,Arthropoda,Acari,N/A,N/A,N/A,5,multi.indiv,1,,,,
0419,SWN,08/08/19,elodea,60.432306,-145.300406,detritivore,Animalia,Arthropoda,Acari,N/A,N/A,N/A,4,multi.indiv,1,,,,